Captcha_Name,Captcha_Url,Captch_Image_View,Captcha_Answer
sleep1706524041909.png,https://raw.githubusercontent.com/maniotrix/Sample_Captcha_Data/main/rsce_sample_captcha_batches/_start_6000/sleep1706524041909.png,,mr8wd
sleep1706524055581.png,https://raw.githubusercontent.com/maniotrix/Sample_Captcha_Data/main/rsce_sample_captcha_batches/_start_6000/sleep1706524055581.png,,bban5
sleep1706524061583.png,https://raw.githubusercontent.com/maniotrix/Sample_Captcha_Data/main/rsce_sample_captcha_batches/_start_6000/sleep1706524061583.png,,ddp5y
sleep1706524067586.png,https://raw.githubusercontent.com/maniotrix/Sample_Captcha_Data/main/rsce_sample_captcha_batches/_start_6000/sleep1706524067586.png,,24m57
sleep1706524073590.png,https://raw.githubusercontent.com/maniotrix/Sample_Captcha_Data/main/rsce_sample_captcha_batches/_start_6000/sleep1706524073590.png,,n4m32
sleep1706524079593.png,https://raw.githubusercontent.com/maniotrix/Sample_Captcha_Data/main/rsce_sample_captcha_batches/_start_6000/sleep1706524079593.png,,7hx8c
sleep1706524085895.png,https://raw.githubusercontent.com/maniotrix/Sample_Captcha_Data/main/rsce_sample_captcha_batches/_start_6000/sleep1706524085895.png,,rmhey
sleep1706524093191.png,https://raw.githubusercontent.com/maniotrix/Sample_Captcha_Data/main/rsce_sample_captcha_batches/_start_6000/sleep1706524093191.png,,bgcne
sleep1706524101501.png,https://raw.githubusercontent.com/maniotrix/Sample_Captcha_Data/main/rsce_sample_captcha_batches/_start_6000/sleep1706524101501.png,,ae652
sleep1706524110793.png,https://raw.githubusercontent.com/maniotrix/Sample_Captcha_Data/main/rsce_sample_captcha_batches/_start_6000/sleep1706524110793.png,,py3b7
sleep1706524124482.png,https://raw.githubusercontent.com/maniotrix/Sample_Captcha_Data/main/rsce_sample_captcha_batches/_start_6000/sleep1706524124482.png,,2n6ap
sleep1706524130485.png,https://raw.githubusercontent.com/maniotrix/Sample_Captcha_Data/main/rsce_sample_captcha_batches/_start_6000/sleep1706524130485.png,,3bk28
sleep1706524136488.png,https://raw.githubusercontent.com/maniotrix/Sample_Captcha_Data/main/rsce_sample_captcha_batches/_start_6000/sleep1706524136488.png,,cce42
sleep1706524142491.png,https://raw.githubusercontent.com/maniotrix/Sample_Captcha_Data/main/rsce_sample_captcha_batches/_start_6000/sleep1706524142491.png,,nc54k
sleep1706524148494.png,https://raw.githubusercontent.com/maniotrix/Sample_Captcha_Data/main/rsce_sample_captcha_batches/_start_6000/sleep1706524148494.png,,ewx5w
sleep1706524154784.png,https://raw.githubusercontent.com/maniotrix/Sample_Captcha_Data/main/rsce_sample_captcha_batches/_start_6000/sleep1706524154784.png,,ypkam
sleep1706524162093.png,https://raw.githubusercontent.com/maniotrix/Sample_Captcha_Data/main/rsce_sample_captcha_batches/_start_6000/sleep1706524162093.png,,rrp64
sleep1706524170403.png,https://raw.githubusercontent.com/maniotrix/Sample_Captcha_Data/main/rsce_sample_captcha_batches/_start_6000/sleep1706524170403.png,,nnd77
sleep1706524179711.png,https://raw.githubusercontent.com/maniotrix/Sample_Captcha_Data/main/rsce_sample_captcha_batches/_start_6000/sleep1706524179711.png,,wex7p
sleep1706524193391.png,https://raw.githubusercontent.com/maniotrix/Sample_Captcha_Data/main/rsce_sample_captcha_batches/_start_6000/sleep1706524193391.png,,6f7d3
sleep1706524199394.png,https://raw.githubusercontent.com/maniotrix/Sample_Captcha_Data/main/rsce_sample_captcha_batches/_start_6000/sleep1706524199394.png,,gdgy3
sleep1706524205397.png,https://raw.githubusercontent.com/maniotrix/Sample_Captcha_Data/main/rsce_sample_captcha_batches/_start_6000/sleep1706524205397.png,,gn6kg
sleep1706524211401.png,https://raw.githubusercontent.com/maniotrix/Sample_Captcha_Data/main/rsce_sample_captcha_batches/_start_6000/sleep1706524211401.png,,3chhy
sleep1706524217404.png,https://raw.githubusercontent.com/maniotrix/Sample_Captcha_Data/main/rsce_sample_captcha_batches/_start_6000/sleep1706524217404.png,,57nxg
sleep1706524223733.png,https://raw.githubusercontent.com/maniotrix/Sample_Captcha_Data/main/rsce_sample_captcha_batches/_start_6000/sleep1706524223733.png,,6fd8e
sleep1706524231044.png,https://raw.githubusercontent.com/maniotrix/Sample_Captcha_Data/main/rsce_sample_captcha_batches/_start_6000/sleep1706524231044.png,,2rd3r
sleep1706524239339.png,https://raw.githubusercontent.com/maniotrix/Sample_Captcha_Data/main/rsce_sample_captcha_batches/_start_6000/sleep1706524239339.png,,8wnm4
sleep1706524248639.png,https://raw.githubusercontent.com/maniotrix/Sample_Captcha_Data/main/rsce_sample_captcha_batches/_start_6000/sleep1706524248639.png,,a6k45
sleep1706524262402.png,https://raw.githubusercontent.com/maniotrix/Sample_Captcha_Data/main/rsce_sample_captcha_batches/_start_6000/sleep1706524262402.png,,424ax
sleep1706524268405.png,https://raw.githubusercontent.com/maniotrix/Sample_Captcha_Data/main/rsce_sample_captcha_batches/_start_6000/sleep1706524268405.png,,83kpr
sleep1706524274409.png,https://raw.githubusercontent.com/maniotrix/Sample_Captcha_Data/main/rsce_sample_captcha_batches/_start_6000/sleep1706524274409.png,,6pc4e
sleep1706524280413.png,https://raw.githubusercontent.com/maniotrix/Sample_Captcha_Data/main/rsce_sample_captcha_batches/_start_6000/sleep1706524280413.png,,6m4ge
sleep1706524286416.png,https://raw.githubusercontent.com/maniotrix/Sample_Captcha_Data/main/rsce_sample_captcha_batches/_start_6000/sleep1706524286416.png,,76dgy
sleep1706524292720.png,https://raw.githubusercontent.com/maniotrix/Sample_Captcha_Data/main/rsce_sample_captcha_batches/_start_6000/sleep1706524292720.png,,xfbr7
sleep1706524300026.png,https://raw.githubusercontent.com/maniotrix/Sample_Captcha_Data/main/rsce_sample_captcha_batches/_start_6000/sleep1706524300026.png,,gkwhb
sleep1706524308343.png,https://raw.githubusercontent.com/maniotrix/Sample_Captcha_Data/main/rsce_sample_captcha_batches/_start_6000/sleep1706524308343.png,,x32nc
sleep1706524317680.png,https://raw.githubusercontent.com/maniotrix/Sample_Captcha_Data/main/rsce_sample_captcha_batches/_start_6000/sleep1706524317680.png,,ghbb2
sleep1706524331533.png,https://raw.githubusercontent.com/maniotrix/Sample_Captcha_Data/main/rsce_sample_captcha_batches/_start_6000/sleep1706524331533.png,,rweya
sleep1706524337536.png,https://raw.githubusercontent.com/maniotrix/Sample_Captcha_Data/main/rsce_sample_captcha_batches/_start_6000/sleep1706524337536.png,,6xpxa
sleep1706524343539.png,https://raw.githubusercontent.com/maniotrix/Sample_Captcha_Data/main/rsce_sample_captcha_batches/_start_6000/sleep1706524343539.png,,nbd87
sleep1706524349542.png,https://raw.githubusercontent.com/maniotrix/Sample_Captcha_Data/main/rsce_sample_captcha_batches/_start_6000/sleep1706524349542.png,,c56nm
sleep1706524355545.png,https://raw.githubusercontent.com/maniotrix/Sample_Captcha_Data/main/rsce_sample_captcha_batches/_start_6000/sleep1706524355545.png,,nxgb3
sleep1706524361856.png,https://raw.githubusercontent.com/maniotrix/Sample_Captcha_Data/main/rsce_sample_captcha_batches/_start_6000/sleep1706524361856.png,,7a27b
sleep1706524369184.png,https://raw.githubusercontent.com/maniotrix/Sample_Captcha_Data/main/rsce_sample_captcha_batches/_start_6000/sleep1706524369184.png,,eymhg
sleep1706524377493.png,https://raw.githubusercontent.com/maniotrix/Sample_Captcha_Data/main/rsce_sample_captcha_batches/_start_6000/sleep1706524377493.png,,22ee4
sleep1706524386802.png,https://raw.githubusercontent.com/maniotrix/Sample_Captcha_Data/main/rsce_sample_captcha_batches/_start_6000/sleep1706524386802.png,,2aw2e
sleep1706524400494.png,https://raw.githubusercontent.com/maniotrix/Sample_Captcha_Data/main/rsce_sample_captcha_batches/_start_6000/sleep1706524400494.png,,pm5gw
sleep1706524406497.png,https://raw.githubusercontent.com/maniotrix/Sample_Captcha_Data/main/rsce_sample_captcha_batches/_start_6000/sleep1706524406497.png,,5nkww
sleep1706524412500.png,https://raw.githubusercontent.com/maniotrix/Sample_Captcha_Data/main/rsce_sample_captcha_batches/_start_6000/sleep1706524412500.png,,cd3w3
sleep1706524418502.png,https://raw.githubusercontent.com/maniotrix/Sample_Captcha_Data/main/rsce_sample_captcha_batches/_start_6000/sleep1706524418502.png,,krnkd
sleep1706524424505.png,https://raw.githubusercontent.com/maniotrix/Sample_Captcha_Data/main/rsce_sample_captcha_batches/_start_6000/sleep1706524424505.png,,cmfpg
sleep1706524430816.png,https://raw.githubusercontent.com/maniotrix/Sample_Captcha_Data/main/rsce_sample_captcha_batches/_start_6000/sleep1706524430816.png,,k63nf
sleep1706524438135.png,https://raw.githubusercontent.com/maniotrix/Sample_Captcha_Data/main/rsce_sample_captcha_batches/_start_6000/sleep1706524438135.png,,2bpcx
sleep1706524446445.png,https://raw.githubusercontent.com/maniotrix/Sample_Captcha_Data/main/rsce_sample_captcha_batches/_start_6000/sleep1706524446445.png,,ykcg3
sleep1706524455744.png,https://raw.githubusercontent.com/maniotrix/Sample_Captcha_Data/main/rsce_sample_captcha_batches/_start_6000/sleep1706524455744.png,,7mp6y
sleep1706524469442.png,https://raw.githubusercontent.com/maniotrix/Sample_Captcha_Data/main/rsce_sample_captcha_batches/_start_6000/sleep1706524469442.png,,gy8c7
sleep1706524475456.png,https://raw.githubusercontent.com/maniotrix/Sample_Captcha_Data/main/rsce_sample_captcha_batches/_start_6000/sleep1706524475456.png,,4c6yw
sleep1706524481458.png,https://raw.githubusercontent.com/maniotrix/Sample_Captcha_Data/main/rsce_sample_captcha_batches/_start_6000/sleep1706524481458.png,,hw8kf
sleep1706524487461.png,https://raw.githubusercontent.com/maniotrix/Sample_Captcha_Data/main/rsce_sample_captcha_batches/_start_6000/sleep1706524487461.png,,2dnb4
sleep1706524493465.png,https://raw.githubusercontent.com/maniotrix/Sample_Captcha_Data/main/rsce_sample_captcha_batches/_start_6000/sleep1706524493465.png,,6hh8h
sleep1706524499772.png,https://raw.githubusercontent.com/maniotrix/Sample_Captcha_Data/main/rsce_sample_captcha_batches/_start_6000/sleep1706524499772.png,,64ag6
sleep1706524507098.png,https://raw.githubusercontent.com/maniotrix/Sample_Captcha_Data/main/rsce_sample_captcha_batches/_start_6000/sleep1706524507098.png,,xnaww
sleep1706524515436.png,https://raw.githubusercontent.com/maniotrix/Sample_Captcha_Data/main/rsce_sample_captcha_batches/_start_6000/sleep1706524515436.png,,gg33r
sleep1706524524763.png,https://raw.githubusercontent.com/maniotrix/Sample_Captcha_Data/main/rsce_sample_captcha_batches/_start_6000/sleep1706524524763.png,,rpwn7
sleep1706524538497.png,https://raw.githubusercontent.com/maniotrix/Sample_Captcha_Data/main/rsce_sample_captcha_batches/_start_6000/sleep1706524538497.png,,gxf4m
sleep1706524544501.png,https://raw.githubusercontent.com/maniotrix/Sample_Captcha_Data/main/rsce_sample_captcha_batches/_start_6000/sleep1706524544501.png,,n886r
sleep1706524550505.png,https://raw.githubusercontent.com/maniotrix/Sample_Captcha_Data/main/rsce_sample_captcha_batches/_start_6000/sleep1706524550505.png,,wcfhc
sleep1706524556507.png,https://raw.githubusercontent.com/maniotrix/Sample_Captcha_Data/main/rsce_sample_captcha_batches/_start_6000/sleep1706524556507.png,,7ckef
sleep1706524562510.png,https://raw.githubusercontent.com/maniotrix/Sample_Captcha_Data/main/rsce_sample_captcha_batches/_start_6000/sleep1706524562510.png,,2rc85
sleep1706524568823.png,https://raw.githubusercontent.com/maniotrix/Sample_Captcha_Data/main/rsce_sample_captcha_batches/_start_6000/sleep1706524568823.png,,wywrd
sleep1706524576150.png,https://raw.githubusercontent.com/maniotrix/Sample_Captcha_Data/main/rsce_sample_captcha_batches/_start_6000/sleep1706524576150.png,,nyw3m
sleep1706524584470.png,https://raw.githubusercontent.com/maniotrix/Sample_Captcha_Data/main/rsce_sample_captcha_batches/_start_6000/sleep1706524584470.png,,4ebgd
sleep1706524593793.png,https://raw.githubusercontent.com/maniotrix/Sample_Captcha_Data/main/rsce_sample_captcha_batches/_start_6000/sleep1706524593793.png,,nhrgp